,Nation,2022,2021,2020,2019,2018,2017,2016,2015,2014,2013,2012,2010,2011,2009,2008,2007,2006,2005,2004,2003,2002,2001,2000,1999,1998,1997,1996,1995
0,Denmark,90.0,88.0,88.0,87.0,88.0,88.0,90.0,91.0,92.0,91.0,90.0,93.0,94.0,93.0,93.0,94.0,95.0,95.0,95.0,95.0,95.0,95.0,98.0,100.0,100.0,99.39999999999999,93.3,93.2
1,New Zealand,87.0,88.0,88.0,87.0,87.0,89.0,90.0,91.0,91.0,91.0,90.0,93.0,95.0,94.0,93.0,94.0,96.0,96.0,96.0,95.0,95.0,94.0,94.0,94.0,94.0,92.30000000000001,94.3,95.5
2,Finland,87.0,88.0,85.0,86.0,85.0,85.0,89.0,90.0,89.0,89.0,90.0,92.0,94.0,89.0,90.0,94.0,96.0,96.0,97.0,97.0,97.0,99.0,100.0,94.0,96.0,94.80000000000001,90.5,91.19999999999999
3,Norway,84.0,85.0,84.0,84.0,84.0,85.0,85.0,87.0,86.0,86.0,85.0,86.0,90.0,86.0,79.0,87.0,88.0,89.0,89.0,88.0,85.0,86.0,91.0,89.0,90.0,89.2,88.69999999999999,86.1
4,Singapore,83.0,85.0,85.0,85.0,85.0,84.0,84.0,85.0,84.0,86.0,87.0,93.0,92.0,92.0,92.0,93.0,94.0,94.0,93.0,94.0,93.0,92.0,91.0,91.0,91.0,86.6,88.0,92.6
5,Sweden,83.0,85.0,85.0,85.0,85.0,84.0,88.0,89.0,87.0,89.0,88.0,92.0,93.0,92.0,93.0,93.0,92.0,92.0,92.0,93.0,93.0,90.0,94.0,94.0,95.0,93.5,90.8,88.69999999999999
6,Switzerland,82.0,84.0,85.0,85.0,85.0,85.0,86.0,86.0,86.0,85.0,86.0,87.0,88.0,90.0,90.0,90.0,91.0,91.0,91.0,88.0,85.0,84.0,86.0,89.0,89.0,86.1,87.6,87.6
7,Netherlands,80.0,82.0,82.0,82.0,82.0,82.0,83.0,87.0,83.0,83.0,84.0,88.0,89.0,89.0,89.0,90.0,87.0,86.0,87.0,89.0,90.0,88.0,89.0,90.0,90.0,90.3,87.10000000000001,86.89999999999999
8,Germany,79.0,80.0,80.0,80.0,80.0,81.0,81.0,81.0,79.0,78.0,79.0,79.0,80.0,80.0,79.0,78.0,80.0,82.0,82.0,77.0,73.0,74.0,76.0,80.0,79.0,82.30000000000001,82.69999999999999,81.4
9,Luxembourg,77.0,81.0,80.0,80.0,81.0,82.0,81.0,81.0,82.0,80.0,80.0,85.0,85.0,82.0,83.0,84.0,86.0,85.0,84.0,87.0,90.0,87.0,86.0,88.0,87.0,86.1,86.1,86.1
10,Ireland,77.0,74.0,72.0,74.0,73.0,74.0,73.0,75.0,74.0,72.0,69.0,80.0,75.0,80.0,77.0,75.0,74.0,74.0,75.0,75.0,69.0,75.0,72.0,77.0,82.0,82.8,84.5,84.5
11,Hong Kong,76.0,76.0,77.0,76.0,76.0,77.0,77.0,75.0,74.0,75.0,77.0,84.0,84.0,82.0,81.0,83.0,83.0,83.0,80.0,80.0,82.0,79.0,77.0,77.0,78.0,72.8,70.1,71.2
12,Australia,75.0,73.0,77.0,77.0,77.0,77.0,79.0,79.0,80.0,81.0,85.0,87.0,88.0,87.0,87.0,86.0,87.0,88.0,88.0,88.0,86.0,85.0,83.0,87.0,87.0,88.6,86.0,88.0
13,Iceland,74.0,74.0,75.0,78.0,76.0,77.0,78.0,79.0,79.0,78.0,82.0,85.0,83.0,87.0,89.0,92.0,96.0,97.0,95.0,96.0,94.0,92.0,91.0,92.0,93.0,93.0,93.0,93.0
14,Estonia,74.0,74.0,75.0,74.0,73.0,71.0,70.0,70.0,69.0,68.0,64.0,65.0,64.0,66.0,66.0,65.0,67.0,64.0,60.0,55.0,56.0,56.0,57.0,57.0,57.0,57.0,57.0,57.0
15,Uruguay,74.0,73.0,71.0,71.0,70.0,70.0,71.0,74.0,73.0,73.0,72.0,69.0,70.0,67.0,69.0,67.0,64.0,59.0,62.0,55.0,51.0,51.0,44.0,44.0,43.0,41.4,41.4,41.4
16,Canada,74.0,75.0,77.0,77.0,81.0,82.0,82.0,83.0,81.0,81.0,84.0,89.0,87.0,87.0,87.0,87.0,85.0,84.0,85.0,87.0,90.0,89.0,92.0,92.0,92.0,91.0,89.60000000000001,88.69999999999999
17,Japan,73.0,73.0,74.0,73.0,73.0,73.0,72.0,75.0,76.0,74.0,74.0,78.0,80.0,77.0,73.0,75.0,76.0,73.0,69.0,70.0,71.0,71.0,64.0,60.0,58.0,65.7,70.5,67.2
18,United Kingdom,73.0,78.0,77.0,77.0,80.0,82.0,81.0,81.0,78.0,76.0,74.0,76.0,78.0,77.0,77.0,84.0,86.0,86.0,86.0,87.0,87.0,83.0,87.0,86.0,87.0,82.2,84.39999999999999,85.7
19,Belgium,73.0,73.0,76.0,75.0,75.0,75.0,77.0,77.0,76.0,75.0,75.0,71.0,75.0,71.0,73.0,71.0,73.0,74.0,75.0,76.0,71.0,66.0,61.0,53.0,54.0,52.5,68.4,68.5
20,France,72.0,71.0,69.0,69.0,72.0,70.0,69.0,70.0,69.0,71.0,71.0,68.0,70.0,69.0,69.0,73.0,74.0,75.0,71.0,69.0,63.0,67.0,67.0,66.0,67.0,66.6,69.6,70.0
21,Austria,71.0,74.0,76.0,77.0,76.0,75.0,75.0,76.0,72.0,69.0,69.0,79.0,78.0,79.0,81.0,81.0,86.0,87.0,84.0,80.0,78.0,78.0,77.0,76.0,75.0,76.10000000000001,75.9,71.3
22,Seychelles,70.0,70.0,66.0,66.0,66.0,60.0,55.0,55.0,55.0,54.0,52.0,48.0,48.0,48.0,48.0,45.0,36.0,40.0,44.0,44.0,44.0,44.0,44.0,44.0,44.0,44.0,44.0,44.0
23,United States,69.0,67.0,67.0,69.0,71.0,75.0,74.0,76.0,74.0,73.0,73.0,71.0,71.0,75.0,73.0,72.0,73.0,76.0,75.0,75.0,77.0,76.0,78.0,75.0,75.0,76.10000000000001,76.6,77.9
24,Taiwan,68.0,68.0,65.0,65.0,63.0,63.0,61.0,62.0,61.0,61.0,61.0,58.0,61.0,56.0,57.0,57.0,59.0,59.0,56.0,57.0,56.0,59.0,55.0,56.0,53.0,50.199999999999996,49.800000000000004,50.8
25,Bhutan,68.0,68.0,68.0,68.0,68.0,67.0,65.0,65.0,65.0,63.0,63.0,57.0,57.0,50.0,52.0,50.0,60.0,60.0,60.0,60.0,60.0,60.0,60.0,60.0,60.0,60.0,60.0,60.0
26,Chile,67.0,67.0,67.0,67.0,67.0,67.0,66.0,70.0,73.0,71.0,72.0,72.0,72.0,67.0,69.0,70.0,73.0,73.0,74.0,74.0,75.0,75.0,74.0,69.0,68.0,60.5,68.0,79.4
27,United Arab Emirates,67.0,69.0,71.0,71.0,70.0,71.0,66.0,70.0,70.0,69.0,68.0,63.0,68.0,65.0,59.0,57.0,62.0,62.0,61.0,52.0,52.0,52.0,52.0,52.0,52.0,52.0,52.0,52.0
28,Barbados,65.0,65.0,64.0,62.0,68.0,68.0,61.0,74.0,74.0,75.0,76.0,78.0,78.0,74.0,70.0,69.0,67.0,69.0,73.0,73.0,73.0,73.0,73.0,73.0,73.0,73.0,73.0,73.0
29,Bahamas,64.0,64.0,63.0,64.0,65.0,65.0,66.0,71.0,71.0,71.0,71.0,73.0,73.0,73.0,73.0,73.0,73.0,73.0,73.0,73.0,73.0,73.0,73.0,73.0,73.0,73.0,73.0,73.0
30,Israel,63.0,59.0,60.0,60.0,61.0,62.0,64.0,61.0,60.0,61.0,60.0,61.0,58.0,61.0,60.0,61.0,59.0,63.0,64.0,70.0,73.0,76.0,66.0,68.0,71.0,79.7,77.1,77.1
31,South Korea,63.0,62.0,61.0,59.0,57.0,54.0,53.0,56.0,55.0,55.0,56.0,55.0,55.0,55.0,56.0,51.0,51.0,50.0,45.0,43.0,45.0,42.0,40.0,38.0,42.0,42.9,50.199999999999996,42.9
32,Portugal,62.0,62.0,61.0,62.0,64.0,63.0,62.0,63.0,63.0,62.0,63.0,60.0,61.0,58.0,61.0,65.0,66.0,65.0,63.0,66.0,63.0,63.0,64.0,67.0,65.0,69.7,65.3,55.599999999999994
33,Lithuania,62.0,61.0,60.0,60.0,59.0,59.0,59.0,61.0,58.0,57.0,54.0,50.0,48.0,49.0,46.0,48.0,48.0,48.0,46.0,47.0,48.0,48.0,41.0,38.0,38.0,38.0,38.0,38.0
34,Spain,60.0,61.0,62.0,62.0,58.0,57.0,58.0,58.0,60.0,59.0,65.0,61.0,62.0,61.0,65.0,67.0,68.0,70.0,71.0,69.0,71.0,70.0,70.0,66.0,61.0,59.0,43.099999999999994,43.5
35,Saint Vincent and the Grenadines,60.0,59.0,59.0,59.0,58.0,58.0,60.0,67.0,67.0,62.0,62.0,58.0,58.0,64.0,65.0,61.0,61.0,61.0,61.0,61.0,61.0,61.0,61.0,61.0,61.0,61.0,61.0,61.0
36,Botswana,60.0,55.0,60.0,61.0,61.0,61.0,60.0,63.0,63.0,64.0,65.0,58.0,61.0,56.0,58.0,54.0,56.0,59.0,60.0,57.0,64.0,60.0,60.0,61.0,61.0,61.0,61.0,61.0
37,Cape Verde,60.0,58.0,58.0,58.0,57.0,55.0,59.0,55.0,57.0,58.0,60.0,51.0,55.0,51.0,51.0,49.0,49.0,49.0,49.0,49.0,49.0,49.0,49.0,49.0,49.0,49.0,49.0,49.0
38,Brunei Darussalam,60.0,60.0,60.0,60.0,63.0,62.0,58.0,60.0,60.0,60.0,55.0,55.0,55.0,55.0,55.0,55.0,55.0,55.0,55.0,55.0,55.0,55.0,55.0,55.0,55.0,55.0,55.0,55.0
39,Latvia,59.0,59.0,57.0,56.0,58.0,58.0,57.0,55.0,55.0,53.0,49.0,43.0,42.0,45.0,50.0,48.0,47.0,42.0,40.0,38.0,37.0,34.0,34.0,34.0,27.0,27.0,27.0,27.0
40,Qatar,58.0,63.0,63.0,62.0,62.0,63.0,61.0,71.0,69.0,68.0,68.0,77.0,72.0,70.0,65.0,60.0,60.0,59.0,52.0,56.0,56.0,56.0,56.0,56.0,56.0,56.0,56.0,56.0
41,Georgia,56.0,55.0,56.0,56.0,58.0,56.0,57.0,52.0,52.0,49.0,52.0,38.0,41.0,41.0,39.0,34.0,28.0,23.0,20.0,18.0,24.0,23.0,23.0,23.0,23.0,23.0,23.0,23.0
42,Slovenia,56.0,57.0,60.0,60.0,60.0,61.0,61.0,60.0,58.0,57.0,61.0,64.0,59.0,66.0,67.0,66.0,64.0,61.0,60.0,59.0,60.0,52.0,55.0,60.0,60.0,60.0,60.0,60.0
43,Italy,56.0,56.0,53.0,53.0,52.0,50.0,47.0,44.0,43.0,43.0,42.0,39.0,39.0,43.0,48.0,52.0,49.0,50.0,48.0,53.0,52.0,55.0,46.0,47.0,46.0,50.300000000000004,34.2,29.900000000000002
44,Czechia,56.0,54.0,54.0,54.0,54.0,54.0,54.0,54.0,54.0,54.0,54.0,54.0,54.0,54.0,54.0,54.0,54.0,54.0,54.0,54.0,54.0,54.0,54.0,54.0,54.0,54.0,54.0,54.0
45,Dominica,55.0,55.0,55.0,55.0,57.0,57.0,59.0,58.0,58.0,58.0,58.0,52.0,52.0,59.0,60.0,56.0,45.0,45.0,45.0,45.0,45.0,45.0,45.0,45.0,45.0,45.0,45.0,45.0
46,Saint Lucia,55.0,56.0,56.0,55.0,55.0,55.0,60.0,71.0,71.0,71.0,71.0,70.0,70.0,70.0,71.0,68.0,68.0,68.0,68.0,68.0,68.0,68.0,68.0,68.0,68.0,68.0,68.0,68.0
47,Poland,55.0,56.0,56.0,58.0,60.0,60.0,62.0,62.0,61.0,60.0,58.0,53.0,55.0,50.0,46.0,42.0,37.0,34.0,35.0,36.0,40.0,41.0,41.0,42.0,46.0,50.8,55.7,55.7
48,Costa Rica,54.0,58.0,57.0,56.0,56.0,59.0,58.0,55.0,54.0,53.0,54.0,53.0,48.0,53.0,51.0,50.0,41.0,42.0,49.0,43.0,45.0,45.0,54.0,51.0,56.0,64.5,64.5,64.5
49,Fiji,53.0,55.0,40.0,40.0,40.0,40.0,40.0,40.0,40.0,40.0,40.0,40.0,40.0,40.0,40.0,40.0,40.0,40.0,40.0,40.0,40.0,40.0,40.0,40.0,40.0,40.0,40.0,40.0
50,Slovakia,53.0,52.0,49.0,50.0,50.0,50.0,51.0,51.0,50.0,47.0,46.0,43.0,40.0,45.0,50.0,49.0,47.0,43.0,40.0,37.0,37.0,37.0,35.0,35.0,35.0,35.0,35.0,35.0
51,Cyprus,52.0,53.0,57.0,58.0,59.0,57.0,55.0,61.0,63.0,63.0,66.0,63.0,63.0,66.0,64.0,53.0,56.0,57.0,54.0,61.0,61.0,61.0,61.0,61.0,61.0,61.0,61.0,61.0
52,Greece,52.0,49.0,50.0,48.0,45.0,48.0,44.0,46.0,43.0,40.0,36.0,35.0,34.0,38.0,47.0,46.0,44.0,43.0,43.0,43.0,42.0,42.0,49.0,49.0,49.0,53.5,50.099999999999994,40.4
53,Grenada,52.0,53.0,53.0,53.0,52.0,52.0,56.0,34.0,34.0,34.0,34.0,34.0,34.0,34.0,34.0,34.0,35.0,35.0,35.0,35.0,35.0,35.0,35.0,35.0,35.0,35.0,35.0,35.0
54,Malta,51.0,54.0,53.0,54.0,54.0,56.0,55.0,56.0,55.0,56.0,57.0,56.0,56.0,52.0,58.0,58.0,64.0,66.0,68.0,68.0,68.0,68.0,68.0,68.0,68.0,68.0,68.0,68.0
55,Rwanda,51.0,53.0,54.0,53.0,56.0,55.0,54.0,54.0,49.0,53.0,53.0,40.0,50.0,33.0,30.0,28.0,25.0,31.0,31.0,31.0,31.0,31.0,31.0,31.0,31.0,31.0,31.0,31.0
56,Saudi Arabia,51.0,53.0,53.0,53.0,49.0,49.0,46.0,52.0,49.0,46.0,44.0,47.0,44.0,43.0,35.0,34.0,33.0,34.0,34.0,45.0,45.0,45.0,45.0,45.0,45.0,45.0,45.0,45.0
57,Mauritius,50.0,54.0,53.0,52.0,51.0,50.0,54.0,53.0,54.0,52.0,57.0,54.0,51.0,54.0,55.0,47.0,51.0,42.0,41.0,44.0,45.0,45.0,47.0,49.0,50.0,50.0,50.0,50.0
58,Croatia,50.0,47.0,47.0,47.0,48.0,49.0,49.0,51.0,48.0,48.0,46.0,41.0,40.0,41.0,44.0,41.0,34.0,34.0,35.0,37.0,38.0,39.0,37.0,27.0,27.0,27.0,27.0,27.0
59,Namibia,49.0,49.0,51.0,52.0,53.0,51.0,52.0,53.0,49.0,48.0,48.0,44.0,44.0,45.0,45.0,45.0,41.0,43.0,41.0,47.0,57.0,54.0,54.0,53.0,53.0,53.0,53.0,53.0
60,Vanuatu,48.0,45.0,43.0,46.0,46.0,43.0,36.0,36.0,36.0,36.0,36.0,36.0,35.0,32.0,29.0,31.0,31.0,31.0,31.0,31.0,31.0,31.0,31.0,31.0,31.0,31.0,31.0,31.0
61,Jordan,47.0,49.0,49.0,48.0,49.0,48.0,48.0,53.0,49.0,45.0,48.0,47.0,45.0,50.0,51.0,47.0,53.0,57.0,53.0,46.0,45.0,49.0,46.0,44.0,47.0,48.9,48.9,48.9
62,Malaysia,47.0,48.0,51.0,53.0,47.0,47.0,49.0,50.0,52.0,50.0,49.0,44.0,43.0,45.0,51.0,51.0,50.0,51.0,50.0,52.0,49.0,50.0,48.0,51.0,53.0,50.099999999999994,53.2,52.800000000000004
63,Armenia,46.0,49.0,49.0,42.0,35.0,35.0,33.0,35.0,37.0,36.0,34.0,26.0,26.0,27.0,29.0,30.0,29.0,29.0,31.0,30.0,25.0,25.0,25.0,25.0,25.0,25.0,25.0,25.0
64,Romania,46.0,45.0,44.0,44.0,47.0,48.0,48.0,46.0,43.0,43.0,44.0,37.0,36.0,38.0,38.0,37.0,31.0,30.0,29.0,28.0,26.0,28.0,29.0,33.0,30.0,34.4,34.4,34.4
65,Cuba,45.0,46.0,47.0,48.0,47.0,47.0,47.0,47.0,46.0,46.0,48.0,37.0,42.0,44.0,43.0,42.0,35.0,38.0,37.0,46.0,46.0,46.0,46.0,46.0,46.0,46.0,46.0,46.0
66,China,45.0,45.0,42.0,41.0,39.0,41.0,40.0,37.0,36.0,40.0,39.0,35.0,36.0,36.0,36.0,35.0,33.0,32.0,34.0,34.0,35.0,35.0,31.0,34.0,35.0,28.799999999999997,24.3,21.6
67,São Tomé and Príncipe,45.0,45.0,47.0,46.0,46.0,46.0,46.0,42.0,42.0,42.0,42.0,42.0,42.0,42.0,42.0,42.0,42.0,42.0,42.0,42.0,42.0,42.0,42.0,42.0,42.0,42.0,42.0,42.0
68,Montenegro,45.0,46.0,45.0,45.0,45.0,46.0,45.0,44.0,42.0,44.0,41.0,37.0,40.0,39.0,34.0,33.0,33.0,33.0,33.0,33.0,33.0,33.0,33.0,33.0,33.0,33.0,33.0,33.0
69,Oman,44.0,52.0,54.0,52.0,52.0,44.0,45.0,45.0,45.0,47.0,47.0,53.0,48.0,55.0,55.0,47.0,54.0,63.0,61.0,63.0,63.0,63.0,63.0,63.0,63.0,63.0,63.0,63.0
70,Jamaica,44.0,44.0,44.0,43.0,44.0,44.0,39.0,41.0,38.0,38.0,38.0,33.0,33.0,30.0,31.0,33.0,37.0,36.0,33.0,38.0,40.0,38.0,38.0,38.0,38.0,38.0,38.0,38.0
71,Bahrain,44.0,42.0,42.0,42.0,36.0,36.0,43.0,51.0,49.0,48.0,51.0,49.0,51.0,51.0,54.0,50.0,57.0,58.0,58.0,61.0,61.0,61.0,61.0,61.0,61.0,61.0,61.0,61.0
72,South Africa,43.0,44.0,44.0,44.0,43.0,43.0,45.0,44.0,44.0,42.0,43.0,45.0,41.0,47.0,49.0,51.0,46.0,45.0,46.0,44.0,48.0,48.0,50.0,50.0,52.0,49.5,56.8,56.2
73,Ghana,43.0,43.0,43.0,41.0,41.0,40.0,43.0,47.0,48.0,46.0,45.0,41.0,39.0,39.0,39.0,37.0,33.0,35.0,36.0,33.0,39.0,34.0,35.0,33.0,33.0,33.0,33.0,33.0
74,Senegal,43.0,43.0,45.0,45.0,45.0,45.0,45.0,44.0,43.0,41.0,36.0,29.0,29.0,30.0,34.0,36.0,33.0,32.0,30.0,32.0,31.0,29.0,35.0,34.0,33.0,33.0,33.0,33.0
75,Benin,43.0,42.0,41.0,41.0,40.0,39.0,36.0,37.0,39.0,36.0,36.0,28.0,30.0,29.0,31.0,27.0,25.0,29.0,32.0,32.0,32.0,32.0,32.0,32.0,32.0,32.0,32.0,32.0
76,Bulgaria,43.0,42.0,44.0,43.0,42.0,43.0,41.0,41.0,43.0,41.0,41.0,36.0,33.0,38.0,36.0,41.0,40.0,40.0,41.0,39.0,40.0,39.0,35.0,33.0,29.0,29.0,29.0,29.0
77,Hungary,42.0,43.0,44.0,44.0,46.0,45.0,48.0,51.0,54.0,54.0,55.0,47.0,46.0,51.0,51.0,53.0,52.0,50.0,48.0,48.0,49.0,53.0,52.0,52.0,50.0,51.8,48.6,41.2
78,Trinidad and Tobago,42.0,41.0,40.0,40.0,41.0,41.0,35.0,39.0,38.0,38.0,39.0,36.0,32.0,36.0,36.0,34.0,32.0,38.0,42.0,46.0,49.0,53.0,53.0,53.0,53.0,53.0,53.0,53.0
79,Burkina Faso,42.0,42.0,40.0,40.0,41.0,42.0,42.0,38.0,38.0,38.0,38.0,31.0,30.0,36.0,35.0,29.0,32.0,34.0,30.0,30.0,30.0,30.0,30.0,30.0,30.0,30.0,30.0,30.0
80,Solomon Islands,42.0,43.0,42.0,42.0,44.0,39.0,42.0,28.0,28.0,28.0,28.0,28.0,27.0,28.0,29.0,28.0,28.0,28.0,28.0,28.0,28.0,28.0,28.0,28.0,28.0,28.0,28.0,28.0
81,Kuwait,42.0,43.0,42.0,40.0,41.0,39.0,41.0,49.0,44.0,43.0,44.0,45.0,46.0,41.0,43.0,43.0,48.0,47.0,46.0,53.0,53.0,53.0,53.0,53.0,53.0,53.0,53.0,53.0
82,Timor-Leste,42.0,41.0,40.0,38.0,35.0,38.0,35.0,28.0,28.0,30.0,33.0,25.0,24.0,24.0,24.0,24.0,24.0,24.0,24.0,24.0,24.0,24.0,24.0,24.0,24.0,24.0,24.0,24.0
83,Vietnam,42.0,39.0,36.0,37.0,33.0,35.0,33.0,31.0,31.0,31.0,31.0,27.0,29.0,27.0,27.0,26.0,26.0,26.0,26.0,24.0,24.0,26.0,25.0,26.0,25.0,27.9,27.9,27.9
84,Kosovo,41.0,39.0,36.0,36.0,37.0,39.0,36.0,33.0,33.0,33.0,34.0,28.0,29.0,29.0,29.0,29.0,29.0,29.0,29.0,29.0,29.0,29.0,29.0,29.0,29.0,29.0,29.0,29.0
85,Guyana,40.0,39.0,41.0,40.0,37.0,38.0,34.0,29.0,30.0,27.0,28.0,27.0,25.0,26.0,26.0,26.0,25.0,25.0,25.0,25.0,25.0,25.0,25.0,25.0,25.0,25.0,25.0,25.0
86,Suriname,40.0,39.0,38.0,44.0,43.0,41.0,45.0,36.0,36.0,36.0,37.0,30.0,30.0,37.0,36.0,35.0,30.0,32.0,43.0,43.0,43.0,43.0,43.0,43.0,43.0,43.0,43.0,43.0
87,Maldives,40.0,40.0,43.0,29.0,31.0,33.0,36.0,23.0,23.0,23.0,23.0,23.0,25.0,25.0,28.0,33.0,33.0,33.0,33.0,33.0,33.0,33.0,33.0,33.0,33.0,33.0,33.0,33.0
88,North Macedonia,40.0,39.0,35.0,35.0,37.0,35.0,37.0,42.0,45.0,44.0,43.0,43.0,43.0,43.0,43.0,43.0,43.0,43.0,43.0,43.0,43.0,43.0,43.0,43.0,43.0,43.0,43.0,43.0
89,Tunisia,40.0,44.0,44.0,43.0,43.0,42.0,41.0,38.0,40.0,41.0,41.0,43.0,38.0,42.0,44.0,42.0,46.0,49.0,50.0,49.0,48.0,53.0,52.0,50.0,50.0,50.0,50.0,50.0
90,India,40.0,40.0,40.0,41.0,41.0,40.0,40.0,38.0,38.0,36.0,36.0,33.0,31.0,34.0,34.0,35.0,33.0,29.0,28.0,28.0,27.0,27.0,28.0,29.0,29.0,27.5,26.299999999999997,27.799999999999997
91,Moldova,39.0,36.0,34.0,32.0,33.0,31.0,30.0,33.0,35.0,35.0,36.0,29.0,29.0,33.0,29.0,28.0,32.0,29.0,23.0,24.0,21.0,31.0,26.0,26.0,26.0,26.0,26.0,26.0
92,Belarus,39.0,41.0,47.0,45.0,44.0,44.0,40.0,32.0,31.0,29.0,31.0,25.0,24.0,24.0,20.0,21.0,21.0,26.0,33.0,42.0,48.0,41.0,41.0,34.0,39.0,39.0,39.0,39.0
93,Colombia,39.0,39.0,39.0,37.0,36.0,37.0,37.0,37.0,37.0,36.0,36.0,35.0,34.0,37.0,38.0,38.0,39.0,40.0,38.0,37.0,36.0,38.0,32.0,29.0,22.0,22.3,27.3,34.4
94,Morocco,38.0,39.0,40.0,41.0,43.0,40.0,37.0,36.0,39.0,37.0,37.0,34.0,34.0,33.0,35.0,35.0,32.0,32.0,32.0,33.0,37.0,47.0,47.0,41.0,37.0,37.0,37.0,37.0
95,Ethiopia,38.0,39.0,38.0,37.0,34.0,35.0,34.0,33.0,33.0,33.0,33.0,27.0,27.0,27.0,26.0,24.0,24.0,22.0,23.0,25.0,35.0,32.0,32.0,32.0,32.0,32.0,32.0,32.0
96,Argentina,38.0,38.0,42.0,45.0,40.0,39.0,36.0,32.0,34.0,34.0,35.0,29.0,30.0,29.0,29.0,29.0,29.0,28.0,25.0,25.0,28.0,35.0,35.0,30.0,30.0,28.1,34.1,52.400000000000006
97,Tanzania,38.0,39.0,38.0,37.0,36.0,36.0,32.0,30.0,31.0,33.0,35.0,27.0,30.0,26.0,30.0,32.0,29.0,29.0,28.0,25.0,27.0,22.0,25.0,19.0,19.0,19.0,19.0,19.0
98,Brazil,38.0,38.0,38.0,35.0,35.0,37.0,40.0,38.0,43.0,42.0,43.0,37.0,38.0,37.0,35.0,35.0,33.0,37.0,39.0,39.0,40.0,40.0,39.0,41.0,40.0,35.6,29.6,27.0
99,Lesotho,37.0,38.0,41.0,40.0,41.0,42.0,39.0,44.0,49.0,49.0,45.0,35.0,35.0,33.0,32.0,33.0,32.0,34.0,34.0,34.0,34.0,34.0,34.0,34.0,34.0,34.0,34.0,34.0
100,Ivory Coast,37.0,36.0,36.0,35.0,35.0,36.0,34.0,32.0,32.0,27.0,29.0,21.0,21.0,21.0,20.0,21.0,21.0,19.0,20.0,21.0,27.0,24.0,27.0,26.0,31.0,31.0,31.0,31.0
101,Thailand,36.0,35.0,36.0,36.0,36.0,37.0,35.0,38.0,38.0,35.0,37.0,35.0,34.0,34.0,35.0,33.0,36.0,38.0,36.0,33.0,32.0,32.0,32.0,32.0,30.0,30.6,33.3,27.9
102,Albania,36.0,35.0,36.0,35.0,36.0,38.0,39.0,36.0,33.0,31.0,33.0,33.0,31.0,32.0,34.0,29.0,26.0,24.0,25.0,25.0,25.0,23.0,23.0,23.0,23.0,23.0,23.0,23.0
103,Serbia,36.0,38.0,38.0,39.0,39.0,41.0,42.0,40.0,41.0,42.0,39.0,35.0,33.0,35.0,34.0,34.0,30.0,30.0,30.0,30.0,30.0,30.0,30.0,30.0,30.0,30.0,30.0,30.0
104,Turkey,36.0,38.0,40.0,39.0,41.0,40.0,41.0,42.0,45.0,50.0,49.0,44.0,42.0,44.0,46.0,41.0,38.0,35.0,32.0,31.0,32.0,36.0,38.0,36.0,34.0,32.1,35.4,41.0
105,Panama,36.0,36.0,35.0,36.0,37.0,37.0,38.0,39.0,37.0,35.0,38.0,36.0,33.0,34.0,34.0,32.0,31.0,35.0,37.0,34.0,30.0,37.0,37.0,37.0,37.0,37.0,37.0,37.0
106,Sri Lanka,36.0,37.0,38.0,38.0,38.0,38.0,36.0,37.0,38.0,37.0,40.0,32.0,33.0,31.0,32.0,32.0,31.0,32.0,35.0,34.0,37.0,37.0,37.0,37.0,37.0,37.0,37.0,37.0
107,Kazakhstan,36.0,37.0,38.0,34.0,31.0,31.0,29.0,28.0,29.0,26.0,28.0,29.0,27.0,27.0,22.0,21.0,26.0,26.0,22.0,24.0,23.0,27.0,30.0,23.0,23.0,23.0,23.0,23.0
108,Ecuador,36.0,36.0,39.0,38.0,34.0,32.0,31.0,32.0,33.0,35.0,32.0,25.0,27.0,22.0,20.0,21.0,23.0,25.0,24.0,22.0,22.0,23.0,26.0,24.0,23.0,31.9,31.9,31.9
109,Peru,36.0,36.0,38.0,36.0,35.0,37.0,35.0,36.0,38.0,38.0,38.0,35.0,34.0,37.0,36.0,35.0,33.0,35.0,35.0,37.0,40.0,41.0,44.0,45.0,45.0,45.0,45.0,45.0
110,Sierra Leone,34.0,34.0,33.0,33.0,30.0,30.0,30.0,29.0,31.0,30.0,31.0,24.0,25.0,22.0,19.0,21.0,22.0,24.0,23.0,22.0,22.0,22.0,22.0,22.0,22.0,22.0,22.0,22.0
111,Nepal,34.0,33.0,33.0,34.0,31.0,31.0,29.0,27.0,29.0,31.0,27.0,22.0,22.0,23.0,27.0,25.0,25.0,25.0,28.0,28.0,28.0,28.0,28.0,28.0,28.0,28.0,28.0,28.0
112,Malawi,34.0,35.0,30.0,31.0,32.0,31.0,31.0,31.0,33.0,37.0,37.0,34.0,30.0,33.0,28.0,27.0,27.0,28.0,28.0,28.0,29.0,32.0,41.0,41.0,41.0,41.0,41.0,41.0
113,Bosnia and Herzegovina,34.0,35.0,35.0,36.0,38.0,38.0,39.0,38.0,39.0,42.0,42.0,32.0,32.0,30.0,32.0,33.0,29.0,29.0,31.0,33.0,33.0,33.0,33.0,33.0,33.0,33.0,33.0,33.0
114,Indonesia,34.0,38.0,37.0,40.0,38.0,37.0,37.0,36.0,34.0,32.0,32.0,28.0,30.0,28.0,26.0,23.0,24.0,22.0,20.0,19.0,19.0,19.0,17.0,17.0,20.0,27.200000000000003,26.5,19.4
115,Gambia,34.0,37.0,37.0,37.0,37.0,30.0,26.0,28.0,29.0,28.0,34.0,32.0,35.0,29.0,19.0,23.0,25.0,27.0,28.0,25.0,25.0,25.0,25.0,25.0,25.0,25.0,25.0,25.0
116,Zambia,33.0,33.0,33.0,34.0,35.0,37.0,38.0,38.0,38.0,38.0,37.0,30.0,32.0,30.0,28.0,26.0,26.0,26.0,26.0,25.0,26.0,26.0,34.0,35.0,35.0,35.0,35.0,35.0
117,Philippines,33.0,33.0,34.0,34.0,36.0,34.0,35.0,35.0,38.0,36.0,34.0,24.0,26.0,24.0,23.0,25.0,25.0,25.0,26.0,25.0,26.0,29.0,28.0,36.0,33.0,30.5,26.9,27.7
118,Mongolia,33.0,35.0,35.0,35.0,37.0,36.0,38.0,39.0,39.0,38.0,36.0,27.0,27.0,27.0,30.0,30.0,28.0,30.0,30.0,43.0,43.0,43.0,43.0,43.0,43.0,43.0,43.0,43.0
119,El Salvador,33.0,34.0,36.0,34.0,35.0,33.0,36.0,39.0,39.0,38.0,38.0,36.0,34.0,34.0,39.0,40.0,40.0,42.0,42.0,37.0,34.0,36.0,41.0,39.0,36.0,36.0,36.0,36.0
120,Ukraine,33.0,32.0,33.0,30.0,32.0,30.0,29.0,27.0,26.0,25.0,26.0,24.0,23.0,22.0,25.0,27.0,28.0,26.0,22.0,23.0,24.0,21.0,15.0,26.0,28.0,28.0,28.0,28.0
121,Algeria,33.0,33.0,36.0,35.0,35.0,33.0,34.0,36.0,36.0,36.0,34.0,29.0,29.0,28.0,32.0,30.0,31.0,28.0,27.0,26.0,26.0,26.0,26.0,26.0,26.0,26.0,26.0,26.0
122,Angola,33.0,29.0,27.0,26.0,19.0,19.0,18.0,15.0,19.0,23.0,22.0,19.0,20.0,19.0,19.0,22.0,22.0,20.0,20.0,18.0,17.0,17.0,17.0,17.0,17.0,17.0,17.0,17.0
123,Niger,32.0,31.0,32.0,32.0,34.0,33.0,35.0,34.0,35.0,34.0,33.0,26.0,25.0,29.0,28.0,26.0,23.0,24.0,22.0,22.0,22.0,22.0,22.0,22.0,22.0,22.0,22.0,22.0
124,Kenya,32.0,30.0,31.0,28.0,27.0,28.0,26.0,25.0,25.0,27.0,27.0,21.0,22.0,22.0,21.0,21.0,22.0,21.0,21.0,19.0,19.0,20.0,21.0,20.0,25.0,22.1,22.1,22.1
125,Dominican Republic,32.0,30.0,28.0,28.0,30.0,29.0,31.0,33.0,32.0,29.0,32.0,30.0,26.0,30.0,30.0,30.0,28.0,30.0,29.0,33.0,35.0,31.0,31.0,31.0,31.0,31.0,31.0,31.0
126,Uzbekistan,31.0,28.0,26.0,25.0,23.0,22.0,21.0,19.0,18.0,17.0,17.0,16.0,16.0,17.0,18.0,17.0,21.0,22.0,23.0,24.0,29.0,27.0,24.0,18.0,18.0,18.0,18.0,18.0
127,Bolivia,31.0,30.0,31.0,31.0,29.0,33.0,33.0,34.0,35.0,34.0,34.0,28.0,28.0,27.0,30.0,29.0,27.0,25.0,22.0,23.0,22.0,20.0,27.0,25.0,28.0,20.5,34.0,34.0
128,Mexico,31.0,31.0,31.0,29.0,28.0,29.0,30.0,35.0,35.0,34.0,34.0,31.0,30.0,33.0,36.0,35.0,33.0,35.0,36.0,36.0,36.0,37.0,33.0,34.0,33.0,26.6,33.0,31.8
129,Laos,31.0,30.0,29.0,29.0,29.0,29.0,30.0,25.0,25.0,26.0,21.0,21.0,22.0,20.0,20.0,19.0,26.0,33.0,33.0,33.0,33.0,33.0,33.0,33.0,33.0,33.0,33.0,33.0
130,Papua New Guinea,30.0,31.0,27.0,28.0,28.0,29.0,28.0,25.0,25.0,25.0,25.0,21.0,22.0,21.0,20.0,20.0,24.0,23.0,26.0,21.0,21.0,21.0,21.0,21.0,21.0,21.0,21.0,21.0
131,Togo,30.0,30.0,29.0,29.0,30.0,32.0,32.0,32.0,29.0,29.0,30.0,24.0,24.0,28.0,27.0,23.0,24.0,24.0,24.0,24.0,24.0,24.0,24.0,24.0,24.0,24.0,24.0,24.0
132,Egypt,30.0,33.0,33.0,35.0,35.0,32.0,34.0,36.0,37.0,32.0,32.0,31.0,29.0,28.0,28.0,29.0,33.0,34.0,32.0,33.0,34.0,36.0,31.0,33.0,29.0,28.4,28.4,28.4
133,Eswatini,30.0,32.0,33.0,34.0,38.0,39.0,43.0,43.0,43.0,39.0,37.0,37.0,37.0,37.0,37.0,37.0,37.0,37.0,37.0,37.0,37.0,37.0,37.0,37.0,37.0,37.0,37.0,37.0
134,Mauritania,30.0,28.0,29.0,28.0,27.0,28.0,27.0,31.0,30.0,30.0,31.0,23.0,24.0,25.0,28.0,26.0,31.0,31.0,31.0,31.0,31.0,31.0,31.0,31.0,31.0,31.0,31.0,31.0
135,Djibouti,30.0,30.0,27.0,30.0,31.0,31.0,30.0,34.0,34.0,36.0,36.0,32.0,30.0,28.0,30.0,29.0,29.0,29.0,29.0,29.0,29.0,29.0,29.0,29.0,29.0,29.0,29.0,29.0
136,Gabon,29.0,31.0,30.0,31.0,31.0,32.0,35.0,34.0,37.0,34.0,35.0,28.0,30.0,29.0,31.0,33.0,30.0,29.0,33.0,33.0,33.0,33.0,33.0,33.0,33.0,33.0,33.0,33.0
137,Mali,28.0,29.0,30.0,29.0,32.0,31.0,32.0,35.0,32.0,28.0,34.0,27.0,28.0,28.0,31.0,27.0,28.0,29.0,32.0,30.0,30.0,30.0,30.0,30.0,30.0,30.0,30.0,30.0
138,Russia,28.0,29.0,30.0,28.0,28.0,29.0,29.0,29.0,27.0,28.0,28.0,21.0,24.0,22.0,21.0,23.0,25.0,24.0,28.0,27.0,27.0,23.0,21.0,24.0,24.0,22.7,25.8,25.8
139,Paraguay,28.0,30.0,28.0,28.0,29.0,29.0,30.0,27.0,24.0,24.0,25.0,22.0,22.0,21.0,24.0,24.0,26.0,21.0,19.0,16.0,17.0,20.0,20.0,20.0,15.0,15.0,15.0,15.0
140,Pakistan,27.0,28.0,31.0,32.0,33.0,32.0,32.0,30.0,29.0,28.0,27.0,23.0,25.0,24.0,25.0,24.0,22.0,21.0,21.0,25.0,26.0,23.0,22.0,22.0,27.0,25.299999999999997,10.0,22.5
141,Kyrgyzstan,27.0,27.0,31.0,30.0,29.0,29.0,28.0,28.0,27.0,24.0,24.0,20.0,21.0,19.0,18.0,21.0,22.0,23.0,22.0,21.0,21.0,21.0,21.0,21.0,21.0,21.0,21.0,21.0
142,Uganda,26.0,27.0,27.0,28.0,26.0,26.0,25.0,25.0,26.0,26.0,29.0,25.0,24.0,25.0,26.0,28.0,27.0,25.0,26.0,22.0,21.0,19.0,23.0,22.0,26.0,27.1,27.1,27.1
143,Mozambique,26.0,26.0,25.0,26.0,23.0,25.0,27.0,31.0,31.0,30.0,31.0,27.0,27.0,25.0,26.0,28.0,28.0,28.0,28.0,27.0,22.0,22.0,22.0,35.0,35.0,35.0,35.0,35.0
144,Cameroon,26.0,27.0,25.0,25.0,25.0,25.0,26.0,27.0,27.0,25.0,26.0,22.0,25.0,22.0,23.0,24.0,23.0,22.0,21.0,18.0,22.0,20.0,20.0,15.0,14.0,24.6,24.6,24.6
145,Liberia,26.0,29.0,28.0,28.0,32.0,31.0,37.0,37.0,37.0,38.0,41.0,33.0,32.0,31.0,24.0,21.0,22.0,22.0,22.0,22.0,22.0,22.0,22.0,22.0,22.0,22.0,22.0,22.0
146,Madagascar,26.0,26.0,25.0,24.0,25.0,24.0,26.0,28.0,28.0,28.0,32.0,26.0,30.0,30.0,34.0,32.0,31.0,28.0,31.0,26.0,17.0,17.0,17.0,17.0,17.0,17.0,17.0,17.0
147,Guinea,25.0,25.0,28.0,29.0,28.0,27.0,27.0,25.0,25.0,24.0,24.0,20.0,21.0,18.0,16.0,19.0,19.0,19.0,19.0,19.0,19.0,19.0,19.0,19.0,19.0,19.0,19.0,19.0
148,Bangladesh,25.0,26.0,26.0,26.0,26.0,28.0,26.0,25.0,25.0,27.0,26.0,24.0,27.0,24.0,21.0,20.0,20.0,17.0,15.0,13.0,12.0,4.0,22.9,22.9,22.9,22.9,22.9,22.9
149,Iran,25.0,25.0,25.0,26.0,28.0,30.0,29.0,27.0,27.0,25.0,28.0,22.0,27.0,18.0,23.0,25.0,27.0,29.0,29.0,30.0,30.0,30.0,30.0,30.0,30.0,30.0,30.0,30.0
150,Nigeria,24.0,24.0,25.0,26.0,27.0,27.0,28.0,26.0,27.0,25.0,27.0,24.0,24.0,25.0,27.0,22.0,22.0,19.0,16.0,14.0,16.0,10.0,12.0,16.0,19.0,17.6,6.8999999999999995,6.8999999999999995
151,Central African Republic,24.0,24.0,26.0,25.0,26.0,23.0,20.0,24.0,24.0,25.0,26.0,21.0,22.0,20.0,20.0,20.0,24.0,24.0,24.0,24.0,24.0,24.0,24.0,24.0,24.0,24.0,24.0,24.0
152,Afghanistan,24.0,16.0,19.0,16.0,16.0,15.0,15.0,11.0,12.0,8.0,8.0,14.0,15.0,13.0,15.0,18.0,25.0,25.0,25.0,25.0,25.0,25.0,25.0,25.0,25.0,25.0,25.0,25.0
153,Cambodia,24.0,23.0,21.0,20.0,20.0,21.0,21.0,21.0,21.0,20.0,22.0,21.0,21.0,20.0,18.0,20.0,21.0,23.0,23.0,23.0,23.0,23.0,23.0,23.0,23.0,23.0,23.0,23.0
154,Lebanon,24.0,24.0,25.0,28.0,28.0,28.0,28.0,28.0,27.0,28.0,30.0,25.0,25.0,25.0,30.0,30.0,36.0,31.0,27.0,30.0,30.0,30.0,30.0,30.0,30.0,30.0,30.0,30.0
155,Guatemala,24.0,25.0,25.0,26.0,27.0,28.0,28.0,28.0,32.0,29.0,33.0,32.0,27.0,34.0,31.0,28.0,26.0,25.0,22.0,24.0,25.0,29.0,32.0,32.0,31.0,31.0,31.0,31.0
156,Tajikistan,24.0,25.0,25.0,25.0,25.0,21.0,25.0,26.0,23.0,22.0,22.0,21.0,23.0,20.0,20.0,21.0,22.0,21.0,20.0,18.0,18.0,18.0,18.0,18.0,18.0,18.0,18.0,18.0
157,Zimbabwe,23.0,23.0,24.0,24.0,22.0,22.0,22.0,21.0,21.0,21.0,20.0,24.0,22.0,22.0,18.0,21.0,24.0,26.0,23.0,23.0,27.0,29.0,30.0,41.0,42.0,42.0,42.0,42.0
158,Azerbaijan,23.0,30.0,30.0,30.0,25.0,31.0,30.0,29.0,29.0,28.0,27.0,24.0,24.0,23.0,19.0,21.0,24.0,22.0,19.0,18.0,20.0,20.0,15.0,17.0,17.0,17.0,17.0,17.0
159,Myanmar,23.0,28.0,28.0,29.0,29.0,30.0,28.0,22.0,21.0,21.0,15.0,14.0,15.0,14.0,13.0,14.0,19.0,18.0,17.0,16.0,16.0,16.0,16.0,16.0,16.0,16.0,16.0,16.0
160,Honduras,23.0,23.0,24.0,26.0,29.0,29.0,30.0,31.0,29.0,26.0,28.0,24.0,26.0,25.0,26.0,25.0,25.0,26.0,23.0,23.0,27.0,27.0,18.0,18.0,17.0,17.0,17.0,17.0
161,Iraq,23.0,23.0,21.0,20.0,18.0,18.0,17.0,16.0,16.0,16.0,18.0,15.0,18.0,15.0,13.0,15.0,19.0,22.0,21.0,22.0,22.0,22.0,22.0,22.0,22.0,22.0,22.0,22.0
162,Eritrea,22.0,22.0,21.0,23.0,24.0,20.0,18.0,18.0,18.0,20.0,25.0,26.0,25.0,26.0,26.0,28.0,29.0,26.0,26.0,26.0,26.0,26.0,26.0,26.0,26.0,26.0,26.0,26.0
163,Sudan,22.0,20.0,16.0,16.0,16.0,16.0,14.0,12.0,11.0,11.0,13.0,16.0,16.0,15.0,16.0,18.0,20.0,21.0,22.0,23.0,23.0,23.0,23.0,23.0,23.0,23.0,23.0,23.0
164,Congo,21.0,21.0,19.0,19.0,19.0,19.0,19.0,19.0,19.0,19.0,19.0,19.0,19.0,19.0,19.0,19.0,19.0,19.0,19.0,19.0,19.0,19.0,19.0,19.0,19.0,19.0,19.0,19.0
165,Guinea-Bissau,21.0,21.0,19.0,18.0,28.0,27.0,16.0,17.0,19.0,19.0,25.0,21.0,22.0,19.0,19.0,22.0,22.0,22.0,22.0,22.0,22.0,22.0,22.0,22.0,22.0,22.0,22.0,22.0
166,Democratic Republic of the Congo,20.0,19.0,18.0,18.0,19.0,21.0,21.0,22.0,22.0,22.0,21.0,20.0,20.0,19.0,17.0,19.0,20.0,21.0,20.0,20.0,20.0,20.0,20.0,20.0,20.0,20.0,20.0,20.0
167,Turkmenistan,19.0,19.0,19.0,19.0,20.0,19.0,22.0,18.0,17.0,17.0,17.0,16.0,16.0,18.0,18.0,20.0,22.0,18.0,20.0,20.0,20.0,20.0,20.0,20.0,20.0,20.0,20.0,20.0
168,Nicaragua,19.0,20.0,22.0,22.0,25.0,26.0,26.0,27.0,28.0,28.0,29.0,25.0,25.0,25.0,25.0,26.0,26.0,26.0,27.0,26.0,25.0,24.0,31.0,31.0,30.0,30.0,30.0,30.0
169,Comoros,19.0,20.0,21.0,25.0,27.0,27.0,24.0,26.0,26.0,28.0,28.0,21.0,24.0,23.0,25.0,26.0,26.0,26.0,26.0,26.0,26.0,26.0,26.0,26.0,26.0,26.0,26.0,26.0
170,Chad,19.0,20.0,21.0,20.0,19.0,20.0,20.0,22.0,22.0,19.0,19.0,17.0,20.0,16.0,16.0,18.0,20.0,17.0,17.0,17.0,17.0,17.0,17.0,17.0,17.0,17.0,17.0,17.0
171,Libya,17.0,17.0,17.0,18.0,17.0,17.0,14.0,16.0,18.0,15.0,21.0,22.0,20.0,25.0,26.0,25.0,27.0,25.0,25.0,21.0,21.0,21.0,21.0,21.0,21.0,21.0,21.0,21.0
172,Haiti,17.0,20.0,18.0,18.0,20.0,22.0,20.0,17.0,19.0,19.0,19.0,22.0,18.0,18.0,14.0,16.0,18.0,18.0,15.0,15.0,22.0,22.0,22.0,22.0,22.0,22.0,22.0,22.0
173,North Korea,17.0,16.0,18.0,17.0,14.0,17.0,8.0,8.0,8.0,8.0,8.0,8.0,8.0,8.0,8.0,8.0,8.0,8.0,8.0,8.0,8.0,8.0,8.0,8.0,8.0,8.0,8.0,8.0
174,Equatorial Guinea,17.0,17.0,16.0,16.0,16.0,17.0,19.0,19.0,19.0,19.0,20.0,19.0,19.0,18.0,17.0,19.0,21.0,19.0,19.0,19.0,19.0,19.0,19.0,19.0,19.0,19.0,19.0,19.0
175,Burundi,17.0,19.0,19.0,19.0,17.0,22.0,20.0,21.0,20.0,21.0,19.0,18.0,19.0,18.0,19.0,25.0,24.0,23.0,23.0,23.0,23.0,23.0,23.0,23.0,23.0,23.0,23.0,23.0
176,Yemen,16.0,16.0,15.0,15.0,14.0,16.0,14.0,18.0,19.0,18.0,23.0,22.0,21.0,21.0,23.0,25.0,26.0,27.0,24.0,26.0,26.0,26.0,26.0,26.0,26.0,26.0,26.0,26.0
177,Venezuela,14.0,14.0,15.0,16.0,18.0,18.0,17.0,17.0,19.0,20.0,19.0,15.0,19.0,19.0,19.0,20.0,23.0,23.0,23.0,24.0,25.0,28.0,27.0,26.0,23.0,27.7,25.0,26.6
178,Syria,13.0,13.0,14.0,13.0,13.0,14.0,13.0,18.0,20.0,17.0,26.0,25.0,26.0,26.0,21.0,24.0,29.0,34.0,34.0,34.0,34.0,34.0,34.0,34.0,34.0,34.0,34.0,34.0
179,South Sudan,13.0,11.0,12.0,12.0,13.0,12.0,11.0,15.0,15.0,14.0,14.0,14.0,14.0,14.0,14.0,14.0,14.0,14.0,14.0,14.0,14.0,14.0,14.0,14.0,14.0,14.0,14.0,14.0
180,Somalia,12.0,13.0,12.0,9.0,10.0,9.0,10.0,8.0,8.0,8.0,8.0,11.0,10.0,11.0,10.0,14.0,21.0,21.0,21.0,21.0,21.0,21.0,21.0,21.0,21.0,21.0,21.0,21.0
181,Czech Republic,56.0,56.0,56.0,56.0,59.0,57.0,55.0,56.0,51.0,48.0,49.0,46.0,44.0,49.0,52.0,52.0,48.0,43.0,42.0,39.0,37.0,39.0,43.0,46.0,48.0,52.0,53.7,53.7
182,Republic of the Congo,19.0,19.0,19.0,19.0,19.0,21.0,20.0,23.0,23.0,22.0,26.0,19.0,19.0,19.0,19.0,21.0,22.0,23.0,23.0,22.0,22.0,22.0,22.0,22.0,22.0,22.0,22.0,22.0
183,Puerto Rico,58.0,58.0,58.0,58.0,58.0,58.0,58.0,58.0,58.0,58.0,58.0,58.0,58.0,58.0,58.0,58.0,58.0,58.0,58.0,58.0,58.0,58.0,58.0,58.0,58.0,58.0,58.0,58.0
184,Macao,53.0,53.0,53.0,53.0,53.0,53.0,53.0,53.0,53.0,53.0,53.0,53.0,53.0,53.0,54.0,57.0,66.0,66.0,66.0,66.0,66.0,66.0,66.0,66.0,66.0,66.0,66.0,66.0
185,Samoa,45.0,45.0,45.0,45.0,45.0,45.0,45.0,45.0,45.0,45.0,45.0,45.0,45.0,45.0,44.0,45.0,45.0,45.0,45.0,45.0,45.0,45.0,45.0,45.0,45.0,45.0,45.0,45.0
186,FYR Macedonia,38.0,38.0,38.0,38.0,38.0,38.0,38.0,38.0,38.0,38.0,38.0,38.0,38.0,38.0,36.0,33.0,27.0,27.0,27.0,23.0,33.0,33.0,33.0,33.0,33.0,33.0,33.0,33.0
187,Swaziland,36.0,36.0,36.0,36.0,36.0,36.0,36.0,36.0,36.0,36.0,36.0,36.0,36.0,36.0,36.0,33.0,25.0,27.0,27.0,27.0,27.0,27.0,27.0,27.0,27.0,27.0,27.0,27.0
188,Tonga,30.0,30.0,30.0,30.0,30.0,30.0,30.0,30.0,30.0,30.0,30.0,30.0,30.0,30.0,24.0,17.0,17.0,17.0,17.0,17.0,17.0,17.0,17.0,17.0,17.0,17.0,17.0,17.0
189,Belize,29.0,29.0,29.0,29.0,29.0,29.0,29.0,29.0,29.0,29.0,29.0,29.0,29.0,29.0,29.0,30.0,35.0,37.0,38.0,45.0,45.0,45.0,45.0,45.0,45.0,45.0,45.0,45.0
190,Kiribati,28.0,28.0,28.0,28.0,28.0,28.0,28.0,28.0,28.0,28.0,28.0,28.0,28.0,28.0,31.0,33.0,33.0,33.0,33.0,33.0,33.0,33.0,33.0,33.0,33.0,33.0,33.0,33.0
191,Sao Tome and Principe,28.0,28.0,28.0,28.0,28.0,28.0,28.0,28.0,28.0,28.0,28.0,28.0,28.0,28.0,27.0,27.0,27.0,27.0,27.0,27.0,27.0,27.0,27.0,27.0,27.0,27.0,27.0,27.0
192,Serbia and Montenegro,28.0,28.0,28.0,28.0,28.0,28.0,28.0,28.0,28.0,28.0,28.0,28.0,28.0,28.0,28.0,28.0,28.0,28.0,27.0,23.0,23.0,23.0,23.0,23.0,23.0,23.0,23.0,23.0
193,Palestine,26.0,26.0,26.0,26.0,26.0,26.0,26.0,26.0,26.0,26.0,26.0,26.0,26.0,26.0,26.0,26.0,26.0,26.0,25.0,30.0,30.0,30.0,30.0,30.0,30.0,30.0,30.0,30.0
194,Timor Leste,22.0,22.0,22.0,22.0,22.0,22.0,22.0,22.0,22.0,22.0,22.0,22.0,22.0,22.0,22.0,26.0,26.0,26.0,26.0,26.0,26.0,26.0,26.0,26.0,26.0,26.0,26.0,26.0
195,Yugoslavia,13.0,13.0,13.0,13.0,13.0,13.0,13.0,13.0,13.0,13.0,13.0,13.0,13.0,13.0,13.0,13.0,13.0,13.0,13.0,13.0,13.0,13.0,13.0,20.0,30.0,30.0,30.0,30.0
196,Slovak Republic,37.0,37.0,37.0,37.0,37.0,37.0,37.0,37.0,37.0,37.0,37.0,37.0,37.0,37.0,37.0,37.0,37.0,37.0,37.0,37.0,37.0,37.0,37.0,37.0,39.0,39.0,39.0,39.0
197,Kyrgyz Republic,22.0,22.0,22.0,22.0,22.0,22.0,22.0,22.0,22.0,22.0,22.0,22.0,22.0,22.0,22.0,22.0,22.0,22.0,22.0,22.0,22.0,22.0,22.0,22.0,22.0,22.0,22.0,22.0
